Local_time,Event_ID,Node,Timestamp
09:53:45,1,10.0.0.11,4423344
09:53:45,1,10.0.0.12,5596542
09:53:47,2,10.0.0.11,6423340
09:53:47,2,10.0.0.12,7596542
09:53:49,3,10.0.0.11,8423336
09:53:49,3,10.0.0.12,9596542
09:53:51,4,10.0.0.12,11596542
09:53:51,4,10.0.0.11,10423332
09:53:53,5,10.0.0.12,13596542
09:53:53,5,10.0.0.11,12423328
09:53:55,6,10.0.0.12,15596542
09:53:55,6,10.0.0.11,14423323
09:53:57,7,10.0.0.12,17596542
09:53:57,7,10.0.0.11,16423319
09:53:59,8,10.0.0.12,19596542
09:53:59,8,10.0.0.11,18423315
09:54:01,9,10.0.0.12,21596542
09:54:01,9,10.0.0.11,20423311
09:54:03,10,10.0.0.11,22423307
09:54:03,10,10.0.0.12,23596542
09:54:05,11,10.0.0.11,24423303
09:54:05,11,10.0.0.12,25596542
09:54:07,12,10.0.0.11,26423298
09:54:07,12,10.0.0.12,27596542
09:54:09,13,10.0.0.11,28423294
09:54:09,13,10.0.0.12,29596542
09:54:11,14,10.0.0.11,30423290
09:54:11,14,10.0.0.12,31596542
09:54:13,15,10.0.0.11,32423286
09:54:13,15,10.0.0.12,33596542
09:54:15,16,10.0.0.11,34423282
09:54:15,16,10.0.0.12,35596542
09:54:17,17,10.0.0.11,36423278
09:54:17,17,10.0.0.12,37596542
09:54:19,18,10.0.0.11,38423273
09:54:19,18,10.0.0.12,39596542
09:54:21,19,10.0.0.11,40423269
09:54:21,19,10.0.0.12,41596542
09:54:23,20,10.0.0.11,42423265
09:54:23,20,10.0.0.12,43596542
09:54:25,21,10.0.0.11,44423261
09:54:25,21,10.0.0.12,45596542
09:54:27,22,10.0.0.11,46423257
09:54:27,22,10.0.0.12,47596542
09:54:29,23,10.0.0.11,48423253
09:54:29,23,10.0.0.12,49596542
09:54:31,24,10.0.0.11,50423248
09:54:31,24,10.0.0.12,51596542
09:54:33,25,10.0.0.11,52423244
09:54:33,25,10.0.0.12,53596542
09:54:35,26,10.0.0.11,54423240
09:54:35,26,10.0.0.12,55596542
09:54:37,27,10.0.0.11,56423236
09:54:37,27,10.0.0.12,57596542
09:54:39,28,10.0.0.11,58423232
09:54:39,28,10.0.0.12,59596542
09:54:41,29,10.0.0.12,61596542
09:54:41,29,10.0.0.11,60423228
09:54:43,30,10.0.0.11,62423223
09:54:43,30,10.0.0.12,63596542
09:54:45,31,10.0.0.12,65596542
09:54:45,31,10.0.0.11,64423219
09:54:47,32,10.0.0.11,66423215
09:54:47,32,10.0.0.12,67596542
09:54:49,33,10.0.0.11,68423211
09:54:49,33,10.0.0.12,69596542
09:54:51,34,10.0.0.11,70423207
09:54:51,34,10.0.0.12,71596542
09:54:53,35,10.0.0.11,72423202
09:54:53,35,10.0.0.12,73596542
09:54:55,36,10.0.0.12,75596542
09:54:55,36,10.0.0.11,74423198
09:54:57,37,10.0.0.11,76423194
09:54:57,37,10.0.0.12,77596542
09:54:59,38,10.0.0.11,78423190
09:54:59,38,10.0.0.12,79596542
09:55:01,39,10.0.0.11,80423186
09:55:01,39,10.0.0.12,81596542
09:55:03,40,10.0.0.11,82423181
09:55:03,40,10.0.0.12,83596542
09:55:05,41,10.0.0.12,85596542
09:55:05,41,10.0.0.11,84423177
09:55:07,42,10.0.0.12,87596542
09:55:07,42,10.0.0.11,86423173
09:55:09,43,10.0.0.12,89596542
09:55:09,43,10.0.0.11,88423169
09:55:11,44,10.0.0.11,90423165
09:55:11,44,10.0.0.12,91596542
09:55:13,45,10.0.0.11,92423160
09:55:13,45,10.0.0.12,93596542
09:55:15,46,10.0.0.11,94423156
09:55:15,46,10.0.0.12,95596542
09:55:17,47,10.0.0.11,96423152
09:55:17,47,10.0.0.12,97596542
09:55:19,48,10.0.0.11,98423148
09:55:19,48,10.0.0.12,99596542
09:55:21,49,10.0.0.11,100423144
09:55:21,49,10.0.0.12,101596542
09:55:23,50,10.0.0.11,102423139
09:55:23,50,10.0.0.12,103596542
09:55:25,51,10.0.0.12,105596542
09:55:25,51,10.0.0.11,104423135
09:55:27,52,10.0.0.11,106423131
09:55:27,52,10.0.0.12,107596542
09:55:29,53,10.0.0.11,108423127
09:55:29,53,10.0.0.12,109596542
09:55:31,54,10.0.0.12,111596542
09:55:31,54,10.0.0.11,110423123
09:55:33,55,10.0.0.11,112423118
09:55:33,55,10.0.0.12,113596542
09:55:35,56,10.0.0.11,114423114
09:55:35,56,10.0.0.12,115596542
09:55:37,57,10.0.0.11,116423110
09:55:37,57,10.0.0.12,117596542
09:55:39,58,10.0.0.12,119596542
09:55:39,58,10.0.0.11,118423106
09:55:41,59,10.0.0.11,120423102
09:55:41,59,10.0.0.12,121596542
09:55:43,60,10.0.0.11,122423097
09:55:43,60,10.0.0.12,123596542
09:55:45,61,10.0.0.11,124423093
09:55:45,61,10.0.0.12,125596542
09:55:47,62,10.0.0.11,126423089
09:55:47,62,10.0.0.12,127596542
09:55:49,63,10.0.0.11,128423085
09:55:49,63,10.0.0.12,129596542
09:55:51,64,10.0.0.11,130423081
09:55:51,64,10.0.0.12,131596542
09:55:53,65,10.0.0.11,132423076
09:55:53,65,10.0.0.12,133596542
09:55:55,66,10.0.0.11,134423072
09:55:55,66,10.0.0.12,135596542
